song_name,file_size_kb,date_process,wiener_improvement_%,wiener_performance,wiener_time_s,mmse_improvement_%,mmse_performance,mmse_time_s,best_improvement_%,best_performance,best_time_s
3_SZA__Love_Galore_6.wav,837.66,2025-11-22T20:57:49.251862,16.02,0.82,0.036,16.7,0.83,0.065,16.7,0.83,0.065
14_SZA__Anything_Filtered_Acapella_Vocals_4.wav,1652.04,2025-11-22T20:57:49.466616,6.23,0.76,0.065,9.35,0.77,0.118,9.35,0.77,0.118
10_SZA__Normal_Girl_Filtered_Acapella_Vocals_5.wav,3220.04,2025-11-22T20:57:49.901382,14.63,0.82,0.142,15.13,0.82,0.237,15.13,0.82,0.237
10_SZA__Normal_Girl_Filtered_Acapella_Vocals_4.wav,2085.04,2025-11-22T20:57:50.170336,12.27,0.81,0.082,12.62,0.81,0.152,12.62,0.81,0.152
14_SZA__Anything_Filtered_Acapella_Vocals_5.wav,398.04,2025-11-22T20:57:50.226626,4.76,0.77,0.016,7.85,0.79,0.029,7.85,0.79,0.029
11_SZA__Kill_Bill_Vocals_Audio_Vocals_0.wav,11941.04,2025-11-22T20:57:51.794994,0.39,0.75,0.477,3.12,0.77,0.903,3.12,0.77,0.903
3_SZA__Love_Galore_5.wav,774.04,2025-11-22T20:57:51.897925,10.73,0.8,0.03,13.92,0.82,0.056,13.92,0.82,0.056
14_SZA__Anything_Filtered_Acapella_Vocals_7.wav,484.04,2025-11-22T20:57:51.963171,6.03,0.77,0.02,8.18,0.78,0.034,8.18,0.78,0.034
10_SZA__Normal_Girl_Filtered_Acapella_Vocals_6.wav,961.04,2025-11-22T20:57:52.086061,5.53,0.77,0.037,7.47,0.78,0.069,7.47,0.78,0.069
10_SZA__Normal_Girl_Filtered_Acapella_Vocals_7.wav,430.04,2025-11-22T20:57:52.144571,8.86,0.8,0.017,11.61,0.81,0.031,11.61,0.81,0.031
14_SZA__Anything_Filtered_Acapella_Vocals_6.wav,1585.04,2025-11-22T20:57:52.345475,7.65,0.79,0.061,9.58,0.8,0.113,9.58,0.8,0.113
3_SZA__Love_Galore_4.wav,585.04,2025-11-22T20:57:52.427714,10.61,0.8,0.023,11.99,0.81,0.046,11.99,0.81,0.046
6_SZA__The_Weekend_Filtered_Acapella_Vocals_10.wav,747.04,2025-11-22T20:57:52.533935,4.26,0.76,0.032,5.95,0.77,0.06,5.95,0.77,0.06
14_SZA__Anything_Filtered_Acapella_Vocals_2.wav,402.04,2025-11-22T20:57:52.599276,2.4,0.76,0.018,6.11,0.78,0.033,6.11,0.78,0.033
3_SZA__Love_Galore_0.wav,493.04,2025-11-22T20:57:52.675916,15.96,0.83,0.022,16.43,0.83,0.04,16.43,0.83,0.04
10_SZA__Normal_Girl_Filtered_Acapella_Vocals_3.wav,1987.04,2025-11-22T20:57:52.930302,11.94,0.81,0.076,13.36,0.82,0.143,13.36,0.82,0.143
15_SZA__20_Something_Filtered_Acapella_Vocals_10.wav,363.04,2025-11-22T20:57:52.981343,3.3,0.77,0.014,6.25,0.78,0.027,6.25,0.78,0.027
15_SZA__20_Something_Filtered_Acapella_Vocals_11.wav,454.04,2025-11-22T20:57:53.044117,10.88,0.81,0.018,12.25,0.81,0.034,12.25,0.81,0.034
10_SZA__Normal_Girl_Filtered_Acapella_Vocals_2.wav,1736.04,2025-11-22T20:57:53.278820,17.91,0.84,0.068,17.67,0.84,0.138,17.91,0.84,0.068
3_SZA__Love_Galore_1.wav,571.04,2025-11-22T20:57:53.359312,14.67,0.82,0.023,15.6,0.83,0.043,15.6,0.83,0.043
14_SZA__Anything_Filtered_Acapella_Vocals_3.wav,2119.04,2025-11-22T20:57:53.637052,8.97,0.8,0.085,10.8,0.8,0.158,10.8,0.8,0.158
6_SZA__The_Weekend_Filtered_Acapella_Vocals_11.wav,705.04,2025-11-22T20:57:53.742429,-5.69,0.72,0.029,-2.41,0.73,0.058,-2.41,0.73,0.058
14_SZA__Anything_Filtered_Acapella_Vocals_1.wav,526.04,2025-11-22T20:57:53.820286,11.07,0.81,0.022,12.67,0.81,0.042,12.67,0.81,0.042
3_SZA__Love_Galore_3.wav,9521.04,2025-11-22T20:57:55.037856,9.12,0.8,0.375,11.65,0.81,0.701,11.65,0.81,0.701
10_SZA__Normal_Girl_Filtered_Acapella_Vocals_0.wav,3224.04,2025-11-22T20:57:55.456325,14.92,0.83,0.127,15.53,0.83,0.239,15.53,0.83,0.239
10_SZA__Normal_Girl_Filtered_Acapella_Vocals_1.wav,1041.04,2025-11-22T20:57:55.594786,12.22,0.81,0.042,13.85,0.82,0.076,13.85,0.82,0.076
3_SZA__Love_Galore_2.wav,2156.04,2025-11-22T20:57:55.870995,-0.82,0.74,0.084,6.82,0.78,0.154,6.82,0.78,0.154
14_SZA__Anything_Filtered_Acapella_Vocals_0.wav,424.04,2025-11-22T20:57:55.931863,9.46,0.8,0.017,11.5,0.81,0.031,11.5,0.81,0.031
1_SZA__Supermodel_Filtered_Acapella_Vocals_8.wav,424.04,2025-11-22T20:57:55.990720,11.64,0.81,0.017,12.99,0.82,0.031,12.99,0.82,0.031
15_SZA__20_Something_Filtered_Acapella_Vocals_1.wav,481.04,2025-11-22T20:57:56.055367,-0.22,0.75,0.019,8.55,0.79,0.035,8.55,0.79,0.035
SZA_Nobody_Gets_Me_3.wav,1152.04,2025-11-22T20:57:56.209512,17.47,0.83,0.047,17.11,0.83,0.085,17.47,0.83,0.047
SZA_Nobody_Gets_Me_2.wav,4739.04,2025-11-22T20:57:56.819203,7.74,0.79,0.182,12.66,0.81,0.352,12.66,0.81,0.352
15_SZA__20_Something_Filtered_Acapella_Vocals_0.wav,884.04,2025-11-22T20:57:56.937321,-8.77,0.71,0.035,6.21,0.78,0.065,6.21,0.78,0.065
1_SZA__Supermodel_Filtered_Acapella_Vocals_9.wav,418.04,2025-11-22T20:57:56.997404,15.75,0.83,0.017,16.57,0.83,0.031,16.57,0.83,0.031
15_SZA__20_Something_Filtered_Acapella_Vocals_2.wav,980.04,2025-11-22T20:57:57.124457,9.71,0.8,0.038,11.02,0.81,0.071,11.02,0.81,0.071
SZA_Nobody_Gets_Me_0.wav,613.98,2025-11-22T20:57:57.209172,-33.71,0.58,0.024,-29.13,0.6,0.048,-29.13,0.6,0.048
SZA_Nobody_Gets_Me_1.wav,516.84,2025-11-22T20:57:57.281596,-28.87,0.6,0.02,-24.59,0.62,0.04,-24.59,0.62,0.04
15_SZA__20_Something_Filtered_Acapella_Vocals_3.wav,1287.04,2025-11-22T20:57:57.449964,10.48,0.8,0.051,12.1,0.81,0.095,12.1,0.81,0.095
2_SZA__Doves_In_The_Wind_8.wav,1863.95,2025-11-22T20:57:57.691699,9.33,0.8,0.072,10.84,0.8,0.136,10.84,0.8,0.136
6_SZA__The_Weekend_Filtered_Acapella_Vocals_8.wav,1348.04,2025-11-22T20:57:57.865117,8.3,0.79,0.054,9.87,0.8,0.095,9.87,0.8,0.095
15_SZA__20_Something_Filtered_Acapella_Vocals_7.wav,434.04,2025-11-22T20:57:57.927627,-21.1,0.65,0.017,-8.58,0.71,0.032,-8.58,0.71,0.032
SZA_Nobody_Gets_Me_5.wav,2859.04,2025-11-22T20:57:58.315511,23.93,0.84,0.121,21.99,0.83,0.217,23.93,0.84,0.121
SZA_Nobody_Gets_Me_4.wav,4755.04,2025-11-22T20:57:58.944309,14.65,0.81,0.186,15.63,0.82,0.345,15.63,0.82,0.345
9_SZA__Pretty_Little_Birds_8.wav,736.04,2025-11-22T20:57:59.045563,-7.34,0.71,0.028,-4.37,0.73,0.056,-4.37,0.73,0.056
15_SZA__20_Something_Filtered_Acapella_Vocals_6.wav,332.04,2025-11-22T20:57:59.097816,8.19,0.79,0.015,10.2,0.8,0.026,10.2,0.8,0.026
6_SZA__The_Weekend_Filtered_Acapella_Vocals_9.wav,3451.04,2025-11-22T20:57:59.533479,4.19,0.77,0.133,7.39,0.79,0.248,7.39,0.79,0.248
SZA_Good_days_8.wav,692.04,2025-11-22T20:57:59.630823,23.18,0.86,0.028,21.26,0.85,0.053,23.18,0.86,0.028
15_SZA__20_Something_Filtered_Acapella_Vocals_4.wav,2367.04,2025-11-22T20:57:59.935318,9.04,0.8,0.093,11.29,0.81,0.172,11.29,0.81,0.172
15_SZA__20_Something_Filtered_Acapella_Vocals_5.wav,813.04,2025-11-22T20:58:00.046445,7.85,0.79,0.033,10.82,0.8,0.06,10.82,0.8,0.06
SZA_Good_days_9.wav,143.04,2025-11-22T20:58:00.072055,3.99,0.77,0.007,6.89,0.78,0.011,6.89,0.78,0.011
2_SZA__Doves_In_The_Wind_7.wav,868.04,2025-11-22T20:58:00.183996,12.3,0.81,0.034,13.03,0.82,0.063,13.03,0.82,0.063
6_SZA__The_Weekend_Filtered_Acapella_Vocals_7.wav,1114.04,2025-11-22T20:58:00.327201,6.74,0.78,0.044,9.3,0.79,0.079,9.3,0.79,0.079
13_SZA__Broken_Clocks_Filtered_Acapella_Vocals_0.wav,300.04,2025-11-22T20:58:00.371842,-14.69,0.67,0.012,-11.08,0.69,0.023,-11.08,0.69,0.023
SZA_Good_days_4.wav,1920.04,2025-11-22T20:58:00.630376,10.25,0.79,0.079,14.61,0.81,0.144,14.61,0.81,0.144
15_SZA__20_Something_Filtered_Acapella_Vocals_8.wav,4235.04,2025-11-22T20:58:01.188187,9.75,0.8,0.167,11.72,0.81,0.32,11.72,0.81,0.32
1_SZA__Supermodel_Filtered_Acapella_Vocals_1.wav,2621.04,2025-11-22T20:58:01.531093,-6.74,0.72,0.104,6.75,0.78,0.195,6.75,0.78,0.195
9_SZA__Pretty_Little_Birds_6.wav,534.04,2025-11-22T20:58:01.606187,5.61,0.78,0.022,7.94,0.79,0.04,7.94,0.79,0.04
9_SZA__Pretty_Little_Birds_7.wav,539.04,2025-11-22T20:58:01.679064,8.33,0.79,0.02,10.22,0.8,0.039,10.22,0.8,0.039
1_SZA__Supermodel_Filtered_Acapella_Vocals_0.wav,1036.04,2025-11-22T20:58:01.816971,2.11,0.76,0.041,11.7,0.81,0.077,11.7,0.81,0.077
15_SZA__20_Something_Filtered_Acapella_Vocals_9.wav,357.36,2025-11-22T20:58:01.868473,14.11,0.82,0.014,14.09,0.82,0.028,14.11,0.82,0.014
SZA_Good_days_5.wav,11793.04,2025-11-22T20:58:03.465788,7.14,0.78,0.461,7.97,0.78,0.939,7.97,0.78,0.939
13_SZA__Broken_Clocks_Filtered_Acapella_Vocals_1.wav,2445.04,2025-11-22T20:58:03.780412,8.92,0.79,0.096,10.84,0.8,0.177,10.84,0.8,0.177
4_SZA__Drew_Barrymore_Filtered_Acapella_Vocals_1.wav,440.04,2025-11-22T20:58:03.842428,8.53,0.79,0.018,10.36,0.8,0.032,10.36,0.8,0.032
6_SZA__The_Weekend_Filtered_Acapella_Vocals_6.wav,383.04,2025-11-22T20:58:03.896558,8.63,0.79,0.015,10.5,0.8,0.028,10.5,0.8,0.028
2_SZA__Doves_In_The_Wind_6.wav,942.04,2025-11-22T20:58:04.025644,13.7,0.82,0.036,14.45,0.82,0.076,14.45,0.82,0.076
8_SZA__Wavy_1.wav,1050.04,2025-11-22T20:58:04.162351,-1.29,0.74,0.042,1.96,0.76,0.076,1.96,0.76,0.076
2_SZA__Doves_In_The_Wind_4.wav,1132.04,2025-11-22T20:58:04.308677,12.87,0.82,0.044,13.55,0.82,0.081,13.55,0.82,0.081
12_SZA__Garden_Say_It_Like_Dat_Filtered_Acapella_Vocals_5.wav,2226.04,2025-11-22T20:58:04.609901,5.65,0.78,0.094,7.59,0.79,0.17,7.59,0.79,0.17
6_SZA__The_Weekend_Filtered_Acapella_Vocals_4.wav,1564.04,2025-11-22T20:58:04.822656,-23.09,0.64,0.071,-6.73,0.72,0.113,-6.73,0.72,0.113
4_SZA__Drew_Barrymore_Filtered_Acapella_Vocals_3.wav,3651.04,2025-11-22T20:58:05.290999,6.7,0.78,0.142,8.93,0.8,0.264,8.93,0.8,0.264
13_SZA__Broken_Clocks_Filtered_Acapella_Vocals_3.wav,1020.04,2025-11-22T20:58:05.425823,6.06,0.78,0.04,9.63,0.8,0.075,9.63,0.8,0.075
SZA_Good_days_7.wav,422.04,2025-11-22T20:58:05.486533,19.68,0.84,0.017,18.41,0.84,0.032,19.68,0.84,0.017
1_SZA__Supermodel_Filtered_Acapella_Vocals_2.wav,2541.04,2025-11-22T20:58:05.809416,-22.93,0.63,0.099,-5.04,0.72,0.182,-5.04,0.72,0.182
9_SZA__Pretty_Little_Birds_5.wav,400.04,2025-11-22T20:58:05.865627,8.39,0.79,0.015,10.63,0.8,0.029,10.63,0.8,0.029
9_SZA__Pretty_Little_Birds_4.wav,254.04,2025-11-22T20:58:05.903434,-0.4,0.75,0.011,1.98,0.76,0.019,1.98,0.76,0.019
1_SZA__Supermodel_Filtered_Acapella_Vocals_3.wav,526.04,2025-11-22T20:58:05.973655,4.45,0.77,0.02,9.88,0.8,0.038,9.88,0.8,0.038
SZA_Good_days_6.wav,763.04,2025-11-22T20:58:06.076331,26.69,0.88,0.03,23.56,0.87,0.06,26.69,0.88,0.03
13_SZA__Broken_Clocks_Filtered_Acapella_Vocals_2.wav,3699.04,2025-11-22T20:58:06.610701,5.0,0.77,0.16,7.64,0.78,0.273,7.64,0.78,0.273
4_SZA__Drew_Barrymore_Filtered_Acapella_Vocals_2.wav,482.04,2025-11-22T20:58:06.679458,2.19,0.76,0.02,5.43,0.78,0.035,5.43,0.78,0.035
6_SZA__The_Weekend_Filtered_Acapella_Vocals_5.wav,1524.04,2025-11-22T20:58:06.874540,3.0,0.77,0.059,6.08,0.78,0.11,6.08,0.78,0.11
12_SZA__Garden_Say_It_Like_Dat_Filtered_Acapella_Vocals_4.wav,785.04,2025-11-22T20:58:06.977744,3.01,0.77,0.031,8.18,0.79,0.056,8.18,0.79,0.056
2_SZA__Doves_In_The_Wind_5.wav,1423.04,2025-11-22T20:58:07.163238,3.41,0.77,0.055,6.44,0.78,0.104,6.44,0.78,0.104
8_SZA__Wavy_0.wav,2042.23,2025-11-22T20:58:07.426471,6.34,0.78,0.08,9.18,0.8,0.149,9.18,0.8,0.149
2_SZA__Doves_In_The_Wind_1.wav,963.04,2025-11-22T20:58:07.553678,12.66,0.81,0.039,13.79,0.82,0.07,13.79,0.82,0.07
SZA_Snooze_0.wav,4283.04,2025-11-22T20:58:08.101986,9.41,0.8,0.166,12.32,0.81,0.315,12.32,0.81,0.315
12_SZA__Garden_Say_It_Like_Dat_Filtered_Acapella_Vocals_0.wav,1535.04,2025-11-22T20:58:08.301080,6.75,0.78,0.06,9.18,0.8,0.112,9.18,0.8,0.112
4_SZA__Drew_Barrymore_Filtered_Acapella_Vocals_6.wav,3692.04,2025-11-22T20:58:08.765729,6.79,0.78,0.143,11.53,0.81,0.262,11.53,0.81,0.262
6_SZA__The_Weekend_Filtered_Acapella_Vocals_1.wav,585.04,2025-11-22T20:58:08.845360,14.38,0.8,0.024,15.87,0.81,0.042,15.87,0.81,0.042
13_SZA__Broken_Clocks_Filtered_Acapella_Vocals_6.wav,678.04,2025-11-22T20:58:08.935652,9.32,0.8,0.026,10.46,0.8,0.051,10.46,0.8,0.051
1_SZA__Supermodel_Filtered_Acapella_Vocals_7.wav,470.94,2025-11-22T20:58:09.001617,15.39,0.83,0.019,15.85,0.83,0.036,15.85,0.83,0.036
SZA_Good_days_2.wav,369.04,2025-11-22T20:58:09.055286,24.22,0.87,0.015,23.51,0.87,0.028,24.22,0.87,0.015
9_SZA__Pretty_Little_Birds_0.wav,1052.04,2025-11-22T20:58:09.193059,9.23,0.78,0.042,11.36,0.79,0.078,11.36,0.79,0.078
9_SZA__Pretty_Little_Birds_1.wav,1037.04,2025-11-22T20:58:09.327833,10.89,0.8,0.04,12.2,0.81,0.075,12.2,0.81,0.075
SZA_Good_days_3.wav,379.04,2025-11-22T20:58:09.384289,32.63,0.91,0.015,27.35,0.89,0.03,32.63,0.91,0.015
1_SZA__Supermodel_Filtered_Acapella_Vocals_6.wav,543.04,2025-11-22T20:58:09.457670,19.04,0.85,0.021,18.27,0.84,0.042,19.04,0.85,0.021
13_SZA__Broken_Clocks_Filtered_Acapella_Vocals_7.wav,137.04,2025-11-22T20:58:09.482084,1.07,0.73,0.006,3.98,0.75,0.011,3.98,0.75,0.011
6_SZA__The_Weekend_Filtered_Acapella_Vocals_0.wav,194.04,2025-11-22T20:58:09.511907,21.22,0.86,0.008,20.28,0.85,0.015,21.22,0.86,0.008
4_SZA__Drew_Barrymore_Filtered_Acapella_Vocals_7.wav,387.04,2025-11-22T20:58:09.567341,28.29,0.89,0.015,24.47,0.87,0.031,28.29,0.89,0.015
SZA_Snooze_1.wav,10287.04,2025-11-22T20:58:10.892722,8.82,0.79,0.403,10.44,0.8,0.761,10.44,0.8,0.761
12_SZA__Garden_Say_It_Like_Dat_Filtered_Acapella_Vocals_1.wav,1430.04,2025-11-22T20:58:11.078612,4.38,0.77,0.057,7.22,0.78,0.104,7.22,0.78,0.104
2_SZA__Doves_In_The_Wind_0.wav,702.04,2025-11-22T20:58:11.175134,13.44,0.81,0.028,15.1,0.82,0.052,15.1,0.82,0.052
2_SZA__Doves_In_The_Wind_2.wav,577.04,2025-11-22T20:58:11.253071,12.67,0.81,0.022,13.76,0.82,0.043,13.76,0.82,0.043
12_SZA__Garden_Say_It_Like_Dat_Filtered_Acapella_Vocals_3.wav,5318.04,2025-11-22T20:58:11.930635,7.71,0.79,0.202,9.87,0.8,0.396,9.87,0.8,0.396
SZA_Snooze_3.wav,571.04,2025-11-22T20:58:12.009476,2.79,0.77,0.022,5.18,0.78,0.042,5.18,0.78,0.042
4_SZA__Drew_Barrymore_Filtered_Acapella_Vocals_5.wav,4779.04,2025-11-22T20:58:12.618006,10.6,0.8,0.186,12.17,0.8,0.346,12.17,0.8,0.346
6_SZA__The_Weekend_Filtered_Acapella_Vocals_2.wav,397.04,2025-11-22T20:58:12.675291,6.39,0.78,0.017,9.25,0.79,0.029,9.25,0.79,0.029
13_SZA__Broken_Clocks_Filtered_Acapella_Vocals_5.wav,625.04,2025-11-22T20:58:12.759792,5.19,0.77,0.026,7.03,0.78,0.045,7.03,0.78,0.045
1_SZA__Supermodel_Filtered_Acapella_Vocals_4.wav,1233.04,2025-11-22T20:58:12.925189,8.2,0.79,0.047,11.76,0.81,0.096,11.76,0.81,0.096
SZA_Good_days_1.wav,370.3,2025-11-22T20:58:12.979263,4.61,0.77,0.015,7.21,0.78,0.028,7.21,0.78,0.028
9_SZA__Pretty_Little_Birds_3.wav,915.04,2025-11-22T20:58:13.102360,8.29,0.79,0.036,11.0,0.8,0.067,11.0,0.8,0.067
9_SZA__Pretty_Little_Birds_2.wav,3038.04,2025-11-22T20:58:13.496311,11.19,0.8,0.119,12.91,0.81,0.224,12.91,0.81,0.224
SZA_Good_days_0.wav,370.44,2025-11-22T20:58:13.550608,7.08,0.79,0.015,9.03,0.79,0.029,9.03,0.79,0.029
1_SZA__Supermodel_Filtered_Acapella_Vocals_5.wav,2557.04,2025-11-22T20:58:13.879388,4.71,0.77,0.1,13.51,0.81,0.188,13.51,0.81,0.188
13_SZA__Broken_Clocks_Filtered_Acapella_Vocals_4.wav,9217.04,2025-11-22T20:58:15.032705,5.6,0.78,0.352,8.08,0.79,0.659,8.08,0.79,0.659
6_SZA__The_Weekend_Filtered_Acapella_Vocals_3.wav,667.04,2025-11-22T20:58:15.129133,-1.52,0.74,0.025,2.99,0.76,0.049,2.99,0.76,0.049
4_SZA__Drew_Barrymore_Filtered_Acapella_Vocals_4.wav,2618.04,2025-11-22T20:58:15.463756,6.22,0.78,0.103,8.56,0.79,0.19,8.56,0.79,0.19
12_SZA__Garden_Say_It_Like_Dat_Filtered_Acapella_Vocals_2.wav,767.04,2025-11-22T20:58:15.564934,0.42,0.75,0.03,7.28,0.78,0.055,7.28,0.78,0.055
SZA_Snooze_2.wav,875.04,2025-11-22T20:58:15.704227,-3.78,0.73,0.034,-0.41,0.75,0.089,-0.41,0.75,0.089
2_SZA__Doves_In_The_Wind_3.wav,468.04,2025-11-22T20:58:15.770670,18.43,0.83,0.019,18.29,0.83,0.036,18.43,0.83,0.019
7_SZA__Go_Gina__Filtered_Acapella_Vocals_1.wav,489.04,2025-11-22T20:58:15.837448,6.89,0.78,0.021,8.98,0.79,0.036,8.98,0.79,0.036
7_SZA__Go_Gina__Filtered_Acapella_Vocals_0.wav,4982.04,2025-11-22T20:58:16.468384,-1.3,0.74,0.198,8.64,0.79,0.357,8.64,0.79,0.357
7_SZA__Go_Gina__Filtered_Acapella_Vocals_2.wav,4387.04,2025-11-22T20:58:17.033526,11.06,0.8,0.171,12.52,0.81,0.32,12.52,0.81,0.32
SZA_SOS_1.wav,697.04,2025-11-22T20:58:17.126594,14.66,0.82,0.027,15.9,0.82,0.051,15.9,0.82,0.051
5_SZA__Prom_Filtered_Acapella_Vocals_3.wav,424.04,2025-11-22T20:58:17.185969,1.0,0.76,0.017,9.66,0.8,0.032,9.66,0.8,0.032
SZA_Special_1.wav,3424.04,2025-11-22T20:58:17.625886,12.26,0.81,0.134,13.62,0.82,0.252,13.62,0.82,0.252
SZA_Special_0.wav,4473.04,2025-11-22T20:58:18.205370,12.3,0.81,0.175,13.39,0.82,0.337,13.39,0.82,0.337
5_SZA__Prom_Filtered_Acapella_Vocals_2.wav,7505.04,2025-11-22T20:58:19.154961,10.83,0.8,0.294,11.9,0.8,0.538,11.9,0.8,0.538
SZA_SOS_0.wav,960.04,2025-11-22T20:58:19.282919,11.54,0.81,0.038,13.63,0.82,0.071,13.63,0.82,0.071
5_SZA__Prom_Filtered_Acapella_Vocals_0.wav,5544.04,2025-11-22T20:58:19.979770,8.49,0.79,0.211,10.68,0.8,0.398,10.68,0.8,0.398
SZA_Special_2.wav,1373.04,2025-11-22T20:58:20.161344,10.81,0.81,0.053,11.98,0.81,0.101,11.98,0.81,0.101
14_SZA__Anything_Filtered_Acapella_Vocals_8.wav,3751.04,2025-11-22T20:58:20.648928,11.99,0.81,0.146,12.45,0.81,0.277,12.45,0.81,0.277
10_SZA__Normal_Girl_Filtered_Acapella_Vocals_9.wav,389.04,2025-11-22T20:58:20.708742,17.58,0.84,0.016,17.37,0.84,0.031,17.58,0.84,0.016
10_SZA__Normal_Girl_Filtered_Acapella_Vocals_8.wav,841.04,2025-11-22T20:58:20.818833,13.2,0.82,0.032,14.13,0.82,0.062,14.13,0.82,0.062
SZA_Special_3.wav,452.04,2025-11-22T20:58:20.885235,19.04,0.85,0.017,18.52,0.84,0.035,19.04,0.85,0.017
5_SZA__Prom_Filtered_Acapella_Vocals_1.wav,1147.04,2025-11-22T20:58:21.042475,12.29,0.81,0.047,13.23,0.82,0.088,13.23,0.82,0.088
